res id,3MAX_APO,3max,4lxz,4ly1,5iwg,5ix0
11,4.902,4.904,6.068,6.105,6.427,5.449
12,3.696,3.405,3.826,3.884,4.173,3.484
13,2.81,2.807,3.063,3.29,3.358,3.069
14,1.615,1.536,1.498,1.639,1.62,1.653
15,1.455,1.064,1.233,1.28,1.518,1.473
16,0.643,0.601,0.681,0.655,0.691,0.671
17,0.945,0.695,0.857,0.919,0.938,0.909
18,0.532,0.591,0.903,0.623,0.824,0.804
19,0.639,0.628,0.624,0.618,0.583,0.661
20,0.652,0.959,0.813,0.67,0.649,0.81
21,0.851,0.893,0.894,0.854,0.88,0.953
22,0.738,0.765,0.767,0.713,0.715,0.772
23,0.98,1.057,0.944,0.968,0.999,1.013
24,0.783,0.798,0.961,0.764,0.788,0.836
25,0.787,0.953,0.797,0.74,0.738,0.874
26,1.156,1.431,1.294,1.166,1.171,1.228
27,0.833,1.09,0.723,0.69,0.767,0.802
28,1.89,2.678,1.363,2.089,2.182,2.151
29,1.144,1.328,0.564,0.621,0.59,0.583
30,1.25,1.391,0.873,1.222,1.062,0.905
31,3.221,2.73,2.779,2.935,3.095,2.192
32,1.671,2.59,1.155,1.569,1.395,1.428
33,1.187,1.767,0.712,1.19,0.856,0.932
34,1.251,1.999,0.775,1.115,0.916,1.03
35,1.379,1.429,0.845,0.962,0.696,0.896
36,1.21,1.814,0.965,0.934,1.25,1.179
37,0.613,0.851,0.518,0.526,0.556,0.666
38,1.09,1.296,1.258,0.933,1.318,1.291
39,0.812,1.202,0.709,0.657,0.987,0.698
40,0.746,0.857,0.699,0.608,0.559,0.743
41,1.49,1.614,1.517,1.416,1.268,1.412
42,0.635,0.714,0.658,0.653,0.678,0.628
43,0.459,0.577,0.474,0.467,0.488,0.527
44,0.55,0.698,0.687,0.588,0.829,0.889
45,0.544,0.666,0.581,0.585,0.571,0.549
46,0.527,0.945,0.907,0.883,0.956,0.858
47,0.551,0.984,0.841,0.938,0.879,0.725
48,0.85,1.085,0.986,0.972,0.847,0.866
49,0.549,0.611,0.629,0.55,0.557,0.555
50,0.492,0.556,0.569,0.536,0.524,0.527
51,0.552,0.671,0.721,0.6,0.607,0.652
52,0.742,0.79,0.883,0.698,0.795,0.838
53,1.06,1.982,0.941,1.921,1.117,2.147
54,1.937,2.161,1.956,2.143,2.228,2.414
55,1.163,1.097,1.315,1.24,1.367,1.468
56,0.766,0.826,1.089,0.789,1.014,0.862
57,1.359,1.149,1.36,1.347,1.31,1.462
58,0.738,0.827,0.899,0.836,0.845,0.798
59,0.734,0.73,1.115,0.808,1.029,1.491
60,1.083,1.014,1.163,1.208,1.013,1.13
61,0.661,0.643,0.706,0.664,0.574,0.641
62,2.173,2.124,1.952,1.776,1.039,1.539
63,1.285,1.126,1.477,1.587,1.06,1.12
64,0.702,0.63,0.67,0.659,0.607,0.659
65,0.752,0.923,0.716,0.883,0.813,0.762
66,0.623,0.65,0.638,0.673,0.704,0.663
67,1.674,1.578,1.711,1.73,1.815,1.728
68,0.951,1.115,0.88,1.445,1.546,1.048
69,0.649,0.615,0.6,0.629,0.666,0.621
70,0.827,0.636,0.87,0.67,0.783,0.715
71,0.75,0.865,0.77,1.062,1.135,0.925
72,0.526,0.55,0.672,0.489,0.633,0.545
73,0.468,0.45,0.471,0.463,0.481,0.493
74,0.649,0.582,0.609,0.648,0.634,0.663
75,1.239,1.193,1.21,1.162,1.229,1.243
76,1.566,1.545,1.505,1.489,1.575,1.394
77,0.524,0.511,0.493,0.519,0.497,0.51
78,0.576,0.579,0.718,0.597,0.603,0.588
79,1.548,1.576,1.543,1.528,1.487,1.535
80,0.619,0.609,0.63,0.599,0.625,0.573
81,0.974,0.975,0.956,0.948,0.782,0.958
82,1.308,1.425,1.318,1.447,1.616,1.414
83,0.732,0.764,0.786,0.744,0.77,0.767
84,0.773,0.805,1.068,0.749,0.729,0.746
85,1.637,2.229,2.305,2.294,1.153,2.259
86,0.886,0.91,0.924,0.906,0.844,0.858
87,1.493,1.598,1.699,1.586,1.529,1.559
88,0.882,0.946,1.874,0.932,0.858,0.913
89,1.173,1.197,1.27,1.159,1.097,1.135
90,1.438,1.438,1.514,1.355,1.39,1.371
91,1.766,1.819,1.94,1.661,1.76,1.754
92,1.302,1.24,1.42,1.24,1.305,1.201
93,1.364,1.303,1.248,1.382,1.309,1.219
94,2.35,2.195,2.127,2.431,2.241,2.037
95,1.667,1.535,1.491,1.562,1.555,1.446
96,1.047,1.005,0.945,0.982,0.972,0.934
97,1.8,1.814,1.694,1.862,1.781,1.748
98,1.837,1.883,1.804,1.7,2.151,1.593
99,0.687,0.704,0.664,0.714,0.656,0.677
100,1.191,1.301,1.14,1.385,1.214,1.314
101,0.881,0.871,0.852,1.095,0.731,0.802
102,1.288,1.278,1.216,1.534,0.997,1.232
103,2.622,2.552,2.6,2.963,1.911,2.895
104,1.918,1.627,1.546,1.811,1.467,1.735
105,0.798,0.711,0.641,0.76,0.653,0.719
106,0.765,0.906,0.612,0.67,0.645,0.639
107,0.815,0.886,0.685,0.715,0.7,0.772
108,0.728,0.736,0.583,0.59,0.665,0.626
109,1.185,1.233,1.186,1.117,1.37,1.109
110,0.689,0.754,0.705,0.627,0.645,0.682
111,0.856,0.832,0.907,0.844,0.722,0.849
112,0.696,0.685,0.672,0.678,0.635,0.669
113,1.306,1.416,1.328,1.266,0.86,1.337
114,0.696,0.696,0.611,0.644,0.674,0.693
115,0.565,0.543,0.558,0.55,0.532,0.573
116,0.687,0.574,0.657,1.016,0.53,0.621
117,0.819,0.606,0.877,0.753,0.744,0.79
118,0.787,0.534,0.809,0.73,0.611,0.851
119,0.538,0.538,0.526,0.568,0.593,0.634
120,0.475,0.482,0.466,0.509,0.504,0.579
121,0.46,0.435,0.421,0.434,0.437,0.479
122,0.383,0.377,0.368,0.388,0.388,0.42
123,0.838,0.746,0.883,0.672,0.887,0.713
124,0.501,0.481,0.476,0.501,0.51,0.53
125,0.426,0.407,0.42,0.428,0.437,0.454
126,0.484,0.451,0.481,0.525,0.527,0.493
127,0.575,0.569,0.661,0.613,0.653,0.585
128,0.929,0.902,0.985,0.947,0.893,0.976
129,0.55,0.801,0.847,0.631,0.599,0.543
130,0.837,0.671,1.06,1.045,1.207,0.586
131,1.507,1.92,1.927,1.802,1.796,1.608
132,1.241,1.405,1.483,1.41,1.35,1.216
133,0.928,0.979,1.113,1.13,1.007,1.07
134,0.588,0.554,0.652,0.632,0.619,0.587
135,0.85,0.888,0.898,0.89,0.898,0.892
136,0.915,0.994,1.061,1.068,1.069,1.07
137,0.45,0.448,0.48,0.458,0.474,0.489
138,0.464,0.489,0.501,0.485,0.492,0.498
139,0.379,0.424,0.4,0.383,0.396,0.42
140,0.409,0.531,0.57,0.418,0.441,0.505
141,0.466,0.544,0.527,0.49,0.585,0.563
142,0.415,0.483,0.406,0.42,0.437,0.463
143,0.443,0.395,0.411,0.36,0.364,0.442
144,0.994,0.583,0.545,0.694,0.575,0.683
145,0.444,0.44,0.669,0.369,0.622,0.757
146,0.456,0.382,0.458,0.404,0.416,0.461
147,0.482,0.444,0.458,0.441,0.461,0.498
148,0.976,0.92,0.814,0.853,0.956,1.037
149,1.285,1.419,1.301,1.338,1.401,1.312
150,0.793,0.78,0.79,0.77,0.721,0.741
151,1.312,1.362,1.398,1.289,1.226,1.243
152,0.578,0.534,0.521,0.521,0.531,0.53
153,0.555,0.514,0.502,0.559,0.524,0.543
154,0.519,0.449,0.454,0.427,0.425,0.467
155,1.056,0.723,0.542,0.662,0.514,0.653
156,0.561,0.434,0.443,0.412,0.425,0.457
157,0.496,0.623,0.48,0.446,0.453,0.459
158,0.511,0.576,0.864,0.563,0.658,0.608
159,0.438,0.403,0.421,0.392,0.409,0.477
160,0.409,0.362,0.372,0.37,0.396,0.465
161,0.533,0.505,0.548,0.513,0.896,0.896
162,0.459,0.449,0.464,0.451,0.514,0.491
163,0.702,0.473,0.479,0.517,0.487,0.508
164,0.43,0.425,0.426,0.437,0.456,0.454
165,0.463,0.47,0.474,0.482,0.53,0.508
166,0.577,0.665,0.665,0.544,0.694,0.734
167,0.752,0.518,0.674,0.788,0.885,0.766
168,0.531,0.518,0.537,0.569,0.565,0.542
169,0.585,0.949,0.943,0.641,0.633,0.616
170,0.924,0.967,1.163,0.967,1,0.985
171,1.369,0.986,1.596,2.447,1.292,1.35
172,0.741,0.695,0.711,1.143,0.841,0.728
173,1.932,2.013,1.901,2.085,1.747,1.851
174,0.745,1.189,0.962,1.025,0.816,0.743
175,0.51,0.514,0.511,0.558,0.547,0.579
176,0.487,0.516,0.531,0.52,0.487,0.651
177,0.393,0.556,0.573,0.391,0.559,0.543
178,0.463,0.573,0.566,0.476,0.517,0.583
179,0.358,0.841,1.133,0.35,0.384,0.73
180,0.516,0.833,1.125,0.46,0.496,1.016
181,0.368,0.395,0.414,0.34,0.351,0.386
182,0.456,0.5,0.505,0.449,0.449,0.503
183,0.422,0.414,0.46,0.371,0.381,0.474
184,0.458,0.713,0.569,0.634,0.529,1.121
185,0.456,0.485,0.585,0.436,0.629,1.055
186,0.499,0.525,0.714,0.799,0.648,1.344
187,0.435,0.443,0.522,0.41,0.523,0.652
188,0.577,0.562,0.606,0.513,0.667,0.88
189,0.981,1.069,1.239,0.868,1.863,1.093
190,1.096,1.108,1.269,0.911,1.197,1.295
191,0.573,0.547,0.598,0.547,0.75,0.763
192,0.514,0.528,0.536,0.687,0.881,0.696
193,1.313,0.792,0.901,1.072,2.483,1.385
194,0.764,0.918,0.854,1.137,1.065,0.967
195,0.671,0.676,0.594,1.113,0.727,0.699
196,0.852,0.808,0.81,1.042,0.894,0.903
197,1.927,1.963,1.941,1.913,1.207,1.364
198,0.493,0.492,0.506,0.562,0.608,0.835
199,0.697,0.68,0.696,0.72,0.733,0.832
200,0.487,0.55,0.545,0.84,0.584,1.081
201,0.494,0.668,0.617,0.541,0.568,0.801
202,0.379,0.88,0.889,0.413,0.437,0.976
203,0.534,0.692,0.997,1.886,1.808,1.848
204,0.408,0.591,0.471,0.421,0.437,0.732
205,0.832,0.832,0.717,0.725,0.623,0.898
206,0.775,0.634,0.686,0.783,0.717,2.662
207,0.757,0.72,0.704,0.75,0.678,1.076
208,1.914,1.836,1.957,1.821,1.804,2.76
209,0.756,0.714,0.641,0.693,0.597,0.911
210,1.583,0.592,0.588,1.657,0.571,0.7
211,0.89,0.6,0.851,0.968,0.589,0.907
212,1.231,0.693,1.036,0.975,0.745,0.971
213,0.877,0.876,0.942,1.117,1.03,1.393
214,0.532,0.639,0.561,0.567,0.617,1.537
215,0.838,0.955,1.023,0.875,0.888,1.429
216,0.647,0.731,0.687,1.016,0.829,1.453
217,1.534,1.493,1.708,1.843,1.507,1.737
218,0.972,1.054,0.96,1.114,1.154,1.809
219,0.763,0.945,0.816,1.091,0.977,1.432
220,0.606,0.704,0.636,0.83,0.925,1.087
221,0.68,0.853,0.717,1.128,0.996,1.348
222,0.716,0.922,0.751,1.457,0.952,1.469
223,1.578,1.782,1.538,2.372,1.628,2.084
224,0.523,0.632,0.552,1.127,0.793,1.07
225,0.988,1.122,1.033,1.22,1.122,1.466
226,0.738,0.776,0.736,0.853,0.915,0.938
227,0.524,0.535,0.528,1.116,0.724,0.845
228,0.556,0.581,0.559,0.732,0.764,0.991
229,0.581,0.609,0.653,0.804,0.708,1.27
230,0.454,0.627,0.491,0.741,0.616,1.37
231,0.486,0.531,0.495,1.49,1.737,1.62
232,0.549,0.541,0.508,0.581,0.689,0.705
233,0.937,0.845,0.833,1.224,1.286,1.33
234,1.991,1.833,1.458,2.07,1.889,1.389
235,0.916,0.941,0.873,0.846,0.939,0.907
236,0.634,0.533,0.486,0.628,0.611,0.575
237,0.662,0.622,0.6,0.88,0.71,0.729
238,0.867,0.84,0.819,0.878,0.857,0.918
239,0.944,0.907,0.871,1.037,0.878,1.116
240,1.482,1.351,1.346,1.474,1.38,1.473
241,0.713,0.604,0.665,0.756,0.783,0.864
242,0.733,0.576,0.943,1.008,0.77,1.094
243,0.7,0.537,0.585,0.718,0.728,0.841
244,1.652,1.546,1.624,1.815,1.823,1.772
245,1.154,1.09,1.332,1.308,1.232,1.399
246,0.527,0.547,0.572,1.01,0.885,0.838
247,1.336,1.191,1.23,1.257,1.361,1.439
248,0.597,0.565,0.595,0.776,0.822,0.824
249,0.602,0.584,0.597,0.953,1.047,1.059
250,0.622,0.664,0.657,0.875,0.861,0.971
251,0.776,0.753,0.782,0.769,0.94,0.931
252,0.9,0.935,0.984,1.28,1.362,1.44
253,0.613,0.578,0.602,0.672,0.647,0.793
254,0.868,0.784,0.823,1.393,1.12,1.182
255,1.393,1.393,1.496,1.55,1.68,1.727
256,0.924,0.995,1.072,1.409,1.366,1.294
257,0.471,0.49,0.513,0.673,0.562,0.625
258,1.25,1.162,1.207,1.373,1.335,1.342
259,0.504,0.528,0.574,0.699,0.616,0.612
260,0.619,0.738,0.753,0.832,0.747,0.68
261,0.453,0.476,0.504,0.566,0.547,0.505
262,0.476,0.502,0.548,0.524,0.533,0.772
263,0.475,0.488,0.517,0.505,0.527,0.511
264,0.528,0.543,0.556,0.553,0.584,0.575
265,0.422,0.755,0.593,0.483,0.694,0.736
266,0.523,0.734,0.609,0.543,0.754,0.632
267,0.403,0.459,0.637,0.396,0.434,0.465
268,0.495,0.538,0.572,0.492,0.504,0.509
269,0.407,0.456,0.541,0.377,0.393,0.401
270,0.438,0.439,0.608,0.399,0.432,0.454
271,0.911,0.52,0.851,0.808,0.819,0.559
272,0.711,0.673,0.582,0.659,0.634,0.701
273,1.503,1.263,0.562,0.878,1.283,1.103
274,3.22,1.54,0.758,1.148,2.22,1.674
275,4.604,3.586,2.158,2.813,3.817,3.121
276,2.029,1.573,0.853,1.544,1.613,1.359
277,1.287,0.998,0.565,1.131,1.012,0.901
278,1.046,1.03,0.716,1,0.938,0.982
279,0.71,0.543,0.502,0.704,0.764,0.673
280,0.817,0.539,0.487,0.941,0.568,0.585
281,0.862,0.8,0.813,0.883,0.603,0.789
282,0.566,0.489,0.497,0.565,0.509,0.529
283,0.551,0.549,0.551,0.592,0.567,0.542
284,1.248,1.436,1.436,1.279,1.298,1.362
285,0.589,0.563,0.604,0.599,0.572,0.609
286,0.457,0.45,0.829,0.448,0.464,0.47
287,0.513,0.502,0.695,0.585,0.642,0.525
288,1.546,1.379,1.499,1.493,1.45,1.536
289,0.638,0.731,1.072,1.086,1.42,1.008
290,0.562,0.607,0.863,0.65,1.006,0.577
291,1.368,1.192,1.182,1.225,1.235,1.163
292,0.694,0.636,0.714,1.083,1.13,0.681
293,0.595,0.628,0.61,0.981,1.088,0.666
294,1.055,0.947,1.109,1.065,0.992,0.964
295,1.025,0.946,0.989,0.953,1.116,1.074
296,0.849,1.042,0.89,1.247,1.055,1.068
297,0.974,1.002,1.396,1.168,1.071,1.066
298,0.633,0.736,0.694,0.85,0.815,0.683
299,0.503,0.516,0.547,0.695,0.642,0.536
300,0.5,0.503,0.564,0.619,0.622,0.66
301,0.489,0.484,0.542,0.494,0.527,0.522
302,0.603,0.827,0.906,0.636,0.749,0.795
303,0.459,0.518,0.483,0.46,0.509,0.497
304,0.462,0.695,0.445,0.429,0.472,0.463
305,0.809,1.048,0.52,0.403,0.407,0.448
306,0.654,0.981,0.534,0.421,0.435,0.454
307,0.812,0.804,0.514,0.476,0.877,0.646
308,2.252,1.374,0.674,0.86,1.795,1.721
309,0.846,0.689,0.489,0.557,0.97,0.926
310,0.706,1.075,1.058,0.597,1.179,0.922
311,0.924,1.131,1.639,0.992,1.023,1.087
312,0.807,0.743,0.568,0.519,0.878,0.913
313,0.493,0.561,0.86,0.474,0.558,0.563
314,0.445,0.535,0.512,0.443,0.485,0.516
315,0.496,0.607,0.63,0.467,0.5,0.897
316,0.435,0.451,0.498,0.429,0.457,0.436
317,0.38,0.447,0.447,0.376,0.396,0.411
318,0.418,0.447,0.461,0.425,0.444,0.446
319,0.478,0.564,0.516,0.522,0.52,0.49
320,0.684,0.694,1.125,0.687,0.689,0.669
321,0.443,0.463,0.545,0.469,0.473,0.479
322,0.462,0.489,0.667,0.494,0.488,0.5
323,0.547,0.568,1.091,0.553,0.576,0.565
324,0.559,0.556,0.751,0.573,0.577,0.588
325,0.636,0.586,0.785,0.624,0.697,0.696
326,0.919,0.974,1.223,1.122,1.081,1.085
327,0.975,0.961,1.087,1.09,0.973,1.061
328,1.58,2.026,2.102,1.953,2.165,1.934
329,0.665,0.703,0.768,0.712,0.727,0.732
330,0.665,0.697,0.73,0.7,0.703,0.718
331,0.571,0.642,0.624,0.815,0.605,0.63
332,1.428,1.39,1.305,1.4,1.423,1.395
333,0.874,0.817,0.951,0.971,0.887,0.948
334,0.599,0.667,0.678,0.635,0.648,0.648
335,1.923,2.184,1.395,1.573,1.73,1.613
336,0.569,0.657,0.633,0.577,0.627,0.607
337,0.923,0.999,0.969,0.91,0.979,0.945
338,0.722,0.862,0.828,0.68,0.746,0.818
339,0.701,0.848,0.889,0.716,0.75,0.781
340,1.871,2.057,2.166,1.959,1.95,1.928
341,1.832,2.079,1.952,1.558,1.603,1.083
342,0.637,0.772,0.832,0.613,0.631,0.741
343,0.892,1.151,1.332,0.85,0.829,1.073
344,1.109,1.38,1.466,1.029,0.993,1.324
345,1.184,1.287,1.508,1.036,0.998,1.495
346,0.813,0.96,0.975,0.777,0.751,0.884
347,0.98,1.209,1.181,0.958,0.976,1.038
348,0.558,0.619,0.594,0.575,0.576,0.625
349,0.584,0.631,0.633,0.595,0.588,0.671
350,1.208,0.786,1.178,0.845,0.678,1.791
351,1.019,1.024,0.981,0.954,0.909,1.092
352,0.867,0.773,0.71,0.772,0.711,0.826
353,1.013,0.899,0.784,1.122,0.873,0.933
354,1.768,1.8,1.618,1.851,1.711,1.778
355,1.165,1.119,1.034,1.489,1.109,1.094
356,1.142,1.13,0.919,1.155,1.147,1.126
357,0.737,0.716,0.625,0.899,0.852,0.738
358,1.299,1.269,1.1,1.406,1.445,1.196
359,0.794,0.786,0.654,1.015,0.955,0.803
360,1.004,1.058,0.887,1.347,1.307,1.088
361,1.16,1.015,0.955,1.377,1.49,1.297
362,1.933,1.851,1.631,2.01,2.156,2.114
363,1.305,1.532,0.784,1.099,1.275,0.892
364,1.344,1.346,1.091,1.183,1.296,1.124
365,1.295,1.188,1.127,1.49,1.664,1.818
366,1.71,1.739,1.653,1.804,1.843,1.967
367,0.718,0.671,0.684,1.088,1.05,0.918
368,1.2,1.106,1.156,1.165,1.441,1.33
369,1.603,1.574,1.493,1.696,1.84,2.046
370,1.137,1.571,1.188,1.381,1.81,1.809
371,0.611,0.577,0.57,0.681,0.85,0.855
372,1.087,1.051,1.084,1.359,1.345,1.694
373,1.131,0.981,0.998,1.114,1.196,1.431
374,0.613,0.674,0.597,0.739,0.813,0.955
375,0.695,0.687,0.746,0.979,1.062,1.059
376,1.754,1.574,1.971,1.869,1.95,2.112
377,1.292,1.331,1.426,1.338,1.387,1.405
378,1.138,0.961,1.118,0.984,1.088,1.417
379,2.844,1.965,1.553,1.304,1.297,2.297
