res id,3MAX,4LXZ,4LY1,5IWG,5IX0
12,0.00,0.00,0.00,0.00,-1E-04
13,-0.08,-0.12,-0.14,-0.02,-1E-01
14,-0.06,-0.08,-0.11,-0.05,-8E-02
15,-0.04,-0.05,-0.10,-0.04,-8E-02
16,-0.01,-0.01,-0.01,0.00,-6E-03
17,0.01,0.01,0.01,0.00,7E-03
18,-0.01,-0.01,-0.01,-0.01,-2E-02
19,0.02,0.02,0.01,0.01,2E-02
20,-0.01,0.00,-0.01,-0.01,-2E-02
21,0.04,-0.01,0.11,0.16,2E-01
22,-0.01,0.00,-0.01,0.00,-4E-03
23,-0.01,-0.06,0.08,0.14,1E-01
24,-0.06,-0.01,-0.09,-0.03,-6E-02
25,-0.01,0.00,-0.01,0.00,-2E-02
26,0.01,0.01,0.01,-0.01,-3E-02
27,-0.02,0.02,-0.05,-0.02,-4E-02
28,0.00,-0.01,0.01,0.02,2E-02
29,-0.13,0.03,-0.36,-0.14,-1E-01
30,0.00,-0.07,0.00,-0.01,-3E-02
31,0.00,-0.08,-0.02,0.00,-4E-02
32,-0.01,-0.10,0.00,-0.01,-4E-02
33,0.04,0.16,-0.05,-0.04,7E-02
34,0.00,-0.66,-0.20,0.01,-4E-03
35,-0.73,-0.21,-1.25,-0.47,-7E-01
36,0.02,0.08,-0.15,0.13,2E-01
37,-0.05,0.03,-0.15,-0.12,-2E-01
38,-0.01,0.00,-0.02,0.02,-3E-02
39,0.31,-0.89,1.07,0.98,3E+00
40,-0.09,0.01,-0.08,-0.06,-1E-01
41,0.02,-0.07,-0.09,-0.05,-3E-02
42,0.01,0.00,0.01,0.00,2E-02
43,0.01,0.01,0.02,0.00,9E-03
44,0.01,-0.11,0.01,0.00,6E-03
45,0.01,0.00,0.01,0.00,4E-03
46,0.00,-0.01,0.00,0.00,6E-03
47,0.00,-0.01,0.00,0.00,9E-04
48,0.00,0.00,0.00,0.00,1E-03
49,0.00,-0.01,0.00,-0.01,7E-03
50,0.00,0.00,0.00,0.00,3E-04
51,0.00,0.00,0.00,0.00,8E-04
52,0.00,-0.01,0.00,0.00,1E-03
53,0.00,-0.01,0.00,0.00,-1E-03
54,-0.06,-0.12,-0.14,-0.04,-1E-01
55,-0.08,-0.13,-0.15,-0.05,-1E-01
56,0.00,0.00,0.00,0.00,-2E-03
57,0.07,0.06,0.12,0.12,1E-01
58,0.00,0.00,-0.01,-0.01,-7E-03
59,0.01,0.00,0.01,0.01,1E-02
60,-0.03,0.01,-0.11,-0.10,-1E-01
61,-0.01,0.00,-0.02,-0.02,-2E-02
62,0.03,0.01,0.03,0.04,4E-02
63,-0.02,0.12,-0.13,-0.13,-2E-01
64,0.00,-0.01,0.00,0.00,1E-03
65,0.02,-0.01,0.02,0.01,2E-02
66,0.01,-0.01,0.01,0.00,5E-03
67,-0.02,-0.20,-0.01,0.04,-2E-02
68,0.05,-0.16,0.10,0.11,8E-02
69,0.00,-0.02,-0.01,0.00,-1E-02
70,0.00,-0.01,-0.01,0.00,-1E-02
71,-0.02,0.16,-0.07,-0.03,-6E-02
72,-0.04,0.00,-0.06,-0.02,-4E-02
73,0.03,0.04,0.04,0.02,4E-02
74,0.01,0.00,0.02,0.02,2E-02
75,-0.03,-0.28,-0.08,0.04,-6E-02
76,-0.09,-0.30,-0.12,0.00,-1E-01
77,-0.03,-0.01,-0.03,-0.01,-3E-02
78,0.00,-0.01,0.00,0.00,2E-03
79,0.08,0.27,0.09,0.02,9E-02
80,0.00,0.01,0.00,0.00,-1E-03
81,-0.01,0.00,-0.01,-0.01,-1E-02
82,0.04,0.24,0.00,0.00,-4E-03
83,0.00,0.02,0.00,0.00,-1E-03
84,0.01,0.01,0.02,0.01,1E-02
85,0.04,0.21,-0.07,-0.09,6E-02
86,-0.01,0.00,-0.01,0.00,-8E-03
87,-0.06,-0.21,-0.02,0.04,-9E-02
88,0.00,-0.02,-0.01,0.00,-8E-03
89,0.00,0.00,-0.01,0.00,-5E-03
90,0.00,-0.01,-0.01,0.02,-6E-03
91,-0.09,-0.24,-0.13,0.03,-1E-01
92,0.00,-0.02,-0.01,0.01,-4E-03
93,-0.01,-0.03,-0.02,0.00,-9E-03
94,0.17,0.31,0.22,0.08,2E-01
95,-0.01,-0.02,-0.02,0.00,-1E-02
96,0.00,-0.03,0.00,0.00,-5E-03
97,0.01,-0.03,0.00,0.01,-7E-03
98,0.13,0.40,0.23,0.07,2E-01
99,0.00,-0.03,0.02,0.01,5E-04
100,-0.02,-0.05,-0.03,0.01,-2E-02
101,-0.01,0.01,-0.04,-0.01,-7E-03
102,0.01,0.01,0.02,0.00,3E-03
103,-0.27,-0.83,-0.77,-0.06,-6E-01
104,-0.70,-1.42,-1.82,0.01,-9E-01
105,-0.05,-0.11,-0.06,-0.02,-8E-02
106,0.00,-0.04,0.03,0.01,2E-02
107,-0.01,-0.02,-0.01,0.00,-3E-02
108,-0.01,-0.01,-0.05,-0.02,-3E-02
109,-0.03,-0.19,0.07,0.10,-1E-03
110,0.01,0.01,0.01,0.02,4E-02
111,0.02,0.01,0.04,0.04,7E-02
112,0.02,0.00,0.03,0.03,5E-02
113,0.02,-0.20,0.14,0.17,2E-01
114,-0.13,0.01,-0.30,-0.12,-2E-01
115,0.04,0.00,0.06,0.04,7E-02
116,0.01,0.01,0.01,0.00,-2E-03
117,0.01,0.01,0.00,-0.02,-4E-02
118,-0.03,0.05,-0.05,-0.13,-3E-01
119,0.01,0.01,0.00,-0.01,-3E-02
120,-0.01,0.00,-0.01,-0.02,-4E-02
121,-0.04,0.00,-0.04,-0.04,-7E-02
122,-0.06,0.02,-0.07,-0.04,-7E-02
123,-0.01,0.01,-0.02,-0.01,-2E-02
124,-0.01,0.00,-0.02,-0.01,-2E-02
125,-0.02,0.00,-0.02,-0.02,-3E-02
126,-0.01,0.00,-0.01,-0.01,-1E-02
127,-0.01,0.00,-0.01,-0.01,-8E-03
128,-0.04,0.01,-0.11,-0.08,-1E-01
129,-0.01,0.00,-0.01,0.00,-9E-03
130,-0.01,0.00,0.00,0.01,-4E-03
131,-0.01,0.05,-0.05,0.01,-4E-02
132,0.00,0.00,0.00,0.00,-1E-03
133,0.00,0.00,0.00,0.02,4E-03
134,0.00,0.00,0.00,0.00,-3E-03
135,0.06,0.06,0.11,0.10,7E-02
136,-0.01,0.00,-0.02,0.00,-7E-03
137,0.00,0.01,0.00,0.00,-3E-03
138,-0.02,-0.02,-0.02,0.00,-9E-03
139,0.00,0.03,0.00,0.00,-3E-02
140,0.08,0.07,0.07,-0.05,-2E-01
141,0.30,0.00,0.40,0.43,7E-01
142,-0.05,0.10,0.08,-0.13,-4E-01
143,-0.17,0.10,0.05,-0.07,-8E-02
144,-1.69,-0.05,-1.99,-1.19,-2E+00
145,-2.04,-2.06,-2.06,-1.24,-2E+00
146,-1.72,-0.59,-2.04,-1.20,-2E+00
147,-0.06,0.02,-0.10,-0.06,-9E-02
148,0.17,0.94,0.37,0.07,4E-01
149,0.09,0.38,0.16,0.05,1E-01
150,0.00,0.02,-0.01,0.00,-4E-03
151,-0.21,-0.88,-0.42,-0.04,-3E-01
152,-0.05,-0.01,-0.15,-0.04,-6E-02
153,0.03,-0.04,0.18,-0.04,2E-02
154,-0.82,-0.26,-0.58,-1.05,-1E+00
155,-1.61,-2.47,-1.80,-1.19,-2E+00
156,-0.45,-0.26,-0.61,-0.43,-6E-01
157,-0.17,-0.09,-0.25,-0.16,-3E-01
158,0.10,-0.04,0.14,0.06,1E-01
159,-0.04,0.07,-0.04,-0.03,-4E-02
160,0.89,-0.10,1.04,0.56,9E-01
161,-0.09,0.01,-0.11,-0.05,-9E-02
162,-0.03,0.02,-0.04,-0.02,-3E-02
163,-0.04,0.01,-0.05,-0.03,-5E-02
164,-0.03,0.00,-0.03,-0.02,-3E-02
165,-0.01,0.01,-0.02,-0.01,-1E-02
166,-0.01,0.01,-0.02,-0.01,-1E-02
167,0.03,-0.10,0.06,0.07,4E-02
168,-0.01,0.00,-0.01,-0.01,-1E-02
169,0.00,0.00,-0.01,-0.01,-6E-03
170,-0.01,0.11,-0.04,-0.04,-2E-02
171,0.00,0.00,-0.01,0.01,-4E-03
172,0.00,0.00,0.00,0.02,-1E-04
173,0.00,-0.01,0.00,0.02,-4E-03
174,0.00,0.04,0.00,0.02,4E-03
175,-0.01,-0.01,-0.01,-0.01,-8E-03
176,0.01,0.00,0.01,0.01,6E-03
177,-0.03,-0.05,-0.07,-0.03,-5E-02
178,0.01,0.01,0.01,0.01,9E-04
179,-0.09,0.37,0.35,-0.03,1E-01
180,-0.01,-0.01,-0.01,-0.02,-1E-02
181,0.95,5.30,4.72,1.87,4E+00
182,-0.23,-0.32,-0.45,-0.17,-4E-01
183,-0.41,0.51,0.34,0.38,-3E-01
184,-0.15,-0.09,-0.07,-0.09,-1E-01
185,-0.02,0.01,-0.02,-0.01,-1E-02
186,-0.22,-0.93,-0.37,-0.15,-4E-01
187,-0.02,0.04,-0.03,0.00,-3E-03
188,-0.01,0.00,-0.02,0.00,-1E-02
189,-0.06,-0.29,-0.05,-0.02,-6E-02
190,-0.10,-0.45,-0.25,-0.03,-2E-01
191,-0.01,0.00,-0.02,0.00,-1E-02
192,0.00,0.01,0.00,0.00,-1E-04
193,0.01,0.02,0.02,0.01,4E-03
194,0.00,0.01,0.00,0.01,8E-04
195,0.01,0.01,0.00,0.01,6E-03
196,-0.02,-0.10,-0.04,0.01,-3E-02
197,0.03,0.12,0.03,0.02,4E-02
198,-0.01,-0.01,-0.01,0.00,-9E-03
199,0.01,0.01,0.02,0.00,8E-03
200,-0.01,-0.01,-0.01,0.00,-2E-03
201,0.00,0.01,0.02,0.00,5E-03
202,-0.01,0.00,-0.01,0.00,-6E-03
203,-0.01,0.03,0.03,0.00,1E-02
204,-0.02,-0.06,-0.03,0.00,-6E-02
205,-0.03,-0.61,0.14,0.15,-2E-01
206,0.01,0.04,0.02,0.01,1E-02
207,0.02,0.08,0.03,0.00,3E-02
208,-0.12,0.28,-0.68,-0.11,-4E-02
209,-0.02,-0.36,-0.05,-0.03,-1E-01
210,-0.68,-1.87,-1.05,-0.58,-1E+00
211,-0.07,-0.16,-0.16,-0.06,-1E-01
212,-0.01,-0.03,-0.02,0.00,-2E-02
213,-0.01,0.02,0.01,-0.01,3E-02
214,0.01,0.03,0.02,0.00,1E-02
215,-0.05,-0.08,-0.17,-0.08,-5E-02
216,0.00,-0.01,0.00,0.00,-4E-03
217,0.07,0.12,0.15,0.10,4E-02
218,-0.07,-0.21,-0.25,-0.12,-1E-01
219,0.00,0.00,0.00,0.00,3E-03
220,0.00,0.01,0.00,0.00,5E-03
221,0.00,0.00,0.00,0.00,6E-03
222,0.01,0.01,0.00,0.01,3E-03
223,0.04,0.12,0.09,0.03,6E-02
224,0.00,0.01,0.00,0.00,2E-03
225,0.05,0.11,0.11,0.08,7E-02
226,0.01,0.01,0.01,0.01,4E-03
227,0.00,0.00,0.00,0.00,-2E-03
228,0.00,0.00,-0.01,0.00,4E-04
229,0.00,0.00,0.01,0.00,3E-03
230,0.00,0.00,0.02,0.01,-2E-03
231,0.00,0.02,0.02,0.00,1E-02
232,0.01,0.00,0.00,0.01,-5E-03
233,0.00,0.00,-0.01,-0.01,9E-04
234,-0.01,-0.18,0.11,0.06,-8E-02
235,0.06,0.51,-0.05,-0.07,2E-01
236,-0.01,-0.03,-0.01,0.00,-1E-02
237,0.01,0.03,0.02,0.00,4E-03
238,0.12,0.32,0.17,0.04,1E-01
239,0.16,0.35,0.24,0.05,1E-01
240,0.15,0.25,0.19,0.09,2E-01
241,0.00,-0.02,-0.01,0.00,-7E-03
242,0.00,-0.03,0.00,0.00,-1E-04
243,0.00,-0.01,0.00,0.00,-2E-03
244,0.00,-0.01,-0.01,0.02,-4E-03
245,-0.01,-0.02,-0.01,0.00,-6E-03
246,-0.01,-0.02,-0.01,-0.01,-8E-03
247,-0.13,-0.19,-0.16,-0.03,-1E-01
248,0.00,-0.01,0.00,0.00,-4E-03
249,0.00,-0.01,-0.01,0.00,-7E-03
250,-0.01,-0.01,-0.01,0.00,-6E-03
251,0.00,-0.01,0.00,0.00,-4E-03
252,-0.03,-0.07,-0.05,-0.01,-5E-02
253,0.00,-0.01,-0.01,0.00,-5E-03
254,0.00,-0.01,-0.01,0.00,-6E-03
255,0.05,0.05,0.05,0.06,5E-02
256,0.00,0.00,0.00,0.00,-3E-03
257,0.00,0.00,0.00,0.00,-1E-03
258,0.01,-0.01,-0.01,0.01,-5E-03
259,-0.01,0.00,0.00,0.00,-1E-03
260,0.00,0.00,0.00,0.01,2E-03
261,0.00,0.00,-0.01,0.00,-5E-03
262,0.00,0.00,0.00,0.00,9E-04
263,-0.02,-0.01,-0.02,-0.01,-2E-02
264,0.01,-0.01,0.00,0.00,-3E-03
265,-0.23,-0.39,-0.20,-0.12,-2E-01
266,-0.04,-0.05,-0.06,-0.03,-7E-02
267,-0.16,-0.21,-0.28,-0.13,-2E-01
268,-0.10,-0.10,-0.17,-0.08,-1E-01
269,1.95,4.92,4.86,1.79,3E+00
270,-0.03,0.02,-0.08,-0.03,-7E-02
271,0.00,0.03,0.01,-0.01,4E-03
272,0.00,0.01,0.02,0.01,-2E-02
273,-0.01,-0.03,-0.01,0.01,-9E-03
274,0.28,1.34,0.85,-0.14,-3E-02
275,-0.10,0.11,-0.51,0.12,3E-02
276,-0.07,-1.61,-0.76,-0.10,-1E-02
277,-0.06,-0.02,-0.09,-0.04,-6E-02
278,-0.03,-0.05,-0.09,-0.01,-3E-02
279,0.00,0.02,0.00,-0.01,-9E-03
280,0.00,0.00,0.01,0.00,-5E-03
281,0.00,0.02,0.01,0.00,-8E-03
282,0.00,0.01,0.01,0.00,8E-03
283,0.00,0.01,0.01,0.00,5E-03
284,-0.13,-0.28,-0.22,-0.07,-1E-01
285,-0.01,-0.01,-0.01,0.00,-1E-03
286,-0.33,0.06,-0.64,-0.16,-3E-01
287,0.00,-0.01,0.00,0.00,2E-04
288,-0.14,-0.27,-0.21,-0.05,-1E-01
289,-0.01,-0.03,-0.02,-0.01,-7E-03
290,-0.01,-0.02,-0.01,0.00,-5E-03
291,0.10,0.17,0.18,0.09,1E-01
292,0.00,-0.01,-0.01,0.00,-5E-03
293,-0.01,-0.01,-0.01,0.00,-7E-03
294,-0.11,-0.17,-0.17,-0.06,-1E-01
295,0.00,-0.01,-0.01,0.00,-4E-03
296,-0.01,-0.01,-0.01,0.00,-4E-03
297,-0.01,0.00,0.00,0.02,-2E-03
298,0.00,0.01,0.01,0.01,4E-03
299,0.00,0.00,0.00,0.00,1E-03
300,0.00,0.00,-0.01,0.00,-2E-03
301,-0.01,0.01,-0.01,-0.01,-1E-02
302,-0.01,-0.03,-0.01,0.00,-2E-04
303,-0.10,0.02,-0.09,-0.06,-1E-01
304,-0.15,0.18,-0.15,-0.11,-2E-01
305,-0.98,-0.46,-1.67,-1.12,-2E+00
306,-1.47,-1.62,-2.20,-1.12,-2E+00
307,-0.18,-0.28,-0.16,-0.09,-2E-01
308,0.04,-2.00,-2.42,0.07,-4E-01
309,-0.01,0.01,0.00,0.00,-3E-02
310,0.00,0.03,0.00,0.00,3E-03
311,-0.14,-0.45,-0.36,-0.01,-5E-03
312,-0.02,-0.07,-0.04,0.02,3E-02
313,-0.01,-0.03,-0.02,0.01,2E-02
314,0.00,0.00,0.00,0.01,1E-02
315,-0.15,-0.40,-0.30,-0.04,-6E-02
316,-0.01,-0.04,-0.02,0.00,1E-02
317,-0.07,-0.10,-0.11,-0.07,-1E-01
318,-0.01,-0.03,-0.01,0.00,6E-03
319,-0.01,-0.02,-0.01,0.00,4E-04
320,0.24,0.56,0.43,0.11,2E-01
321,0.00,-0.02,-0.01,0.00,5E-03
322,0.00,-0.01,-0.01,0.00,2E-04
323,-0.01,-0.02,-0.01,0.00,-3E-03
324,0.00,-0.01,-0.01,0.00,-5E-03
325,0.00,-0.01,-0.01,0.00,-2E-03
326,0.08,0.13,0.15,0.08,1E-01
327,0.00,0.00,0.00,0.00,2E-04
328,0.12,0.21,0.19,0.11,1E-01
329,0.01,0.00,0.00,0.00,4E-03
330,0.00,0.00,0.00,0.00,-4E-03
331,0.01,0.01,0.01,0.00,-1E-02
332,0.12,0.22,0.19,0.09,1E-01
333,0.00,-0.01,0.00,0.00,2E-03
334,0.00,0.01,0.00,0.00,-4E-03
335,0.00,0.00,0.00,0.01,-1E-03
336,0.00,0.00,0.00,0.00,-5E-03
337,0.09,0.13,0.15,0.09,6E-02
338,0.00,0.01,0.00,0.00,-5E-03
339,0.00,0.01,0.01,0.00,-1E-03
340,0.10,0.22,0.22,0.07,7E-02
341,0.00,0.01,0.01,0.02,-5E-03
342,0.00,0.00,0.00,0.00,5E-03
343,0.01,0.02,0.01,0.00,-2E-03
344,-0.01,-0.01,-0.01,0.00,-5E-03
345,0.15,0.33,0.26,0.07,1E-01
346,0.00,-0.01,-0.01,0.00,9E-04
347,-0.12,-0.25,-0.20,-0.06,-1E-01
348,0.00,0.02,0.01,0.00,-4E-03
349,0.01,0.01,0.01,0.01,-5E-04
350,0.00,-0.01,-0.01,0.00,-2E-03
351,0.01,0.02,0.01,0.02,-3E-03
352,0.00,-0.01,0.00,0.01,-2E-03
353,-0.01,-0.03,-0.02,0.00,-5E-03
354,-0.01,-0.01,-0.01,0.01,-2E-03
355,0.00,-0.01,0.01,0.01,-4E-04
356,0.01,0.01,0.00,0.00,1E-03
357,0.00,0.00,-0.01,-0.01,-7E-04
358,0.00,-0.04,-0.02,0.00,-1E-02
359,-0.01,-0.02,-0.01,0.00,-4E-03
360,0.00,0.00,0.00,0.00,-3E-03
361,0.00,0.00,0.00,0.00,-4E-03
362,0.07,0.11,0.01,0.03,8E-02
363,0.00,-0.02,-0.01,0.00,-8E-03
364,0.00,0.00,0.00,0.00,-2E-03
365,0.06,0.11,0.05,0.01,8E-02
366,-0.03,-0.08,0.03,0.06,-6E-02
367,0.00,-0.01,0.00,0.00,-6E-03
368,-0.07,-0.14,-0.08,-0.01,-8E-02
369,0.00,-0.01,0.00,0.01,-2E-03
370,0.01,0.00,0.05,0.04,-5E-03
371,0.00,-0.01,0.00,0.00,-5E-03
372,0.00,-0.01,0.00,0.00,-3E-03
373,0.01,0.01,-0.02,0.00,1E-02
374,0.00,-0.01,0.00,0.00,-4E-03
375,0.00,-0.01,0.00,0.00,-3E-03
376,0.01,-0.02,0.01,0.03,-1E-02
377,0.00,0.00,0.00,0.01,-2E-03
378,0.00,0.00,0.00,0.00,1E-03
